{"file_hashes":[{"block_hashes":["i4JGg21falOvJFlGwBIH49/b27WBq1WnWKdXKXcIGM4="],"block_size":4096,"path":"_locales/vn/messages.json"},{"block_hashes":["PDAH4kKjbpIAQ2fKWHVyNY0sLzpoVQ8ZQBoW0ta23mM="],"block_size":4096,"path":"_locales/zh_cn/messages.json"},{"block_hashes":["aQgZ4/2GLx63BkK1ZYh625ogs7hCKJd47HD3Og5XBrg="],"block_size":4096,"path":"_locales/zh_tw/messages.json"},{"block_hashes":["aFD4fvULqx6Gb41MlSH27mVdBbHrDq7Ymm25RARpIOc=","8kRBU8mr8Z5uCvk+/dJFksr8o8sEJb9DMgnULjdcg3s=","QSr3cDvC2fmk3k8DRsOCj21I7zH0XnOyUU7+/mvRXtI=","038ZohMCS0gaIZycNi0ZN7wtzDf8rVENTEhjRX/qjTA=","KnssFImeHS+3/LEhF4hn5KqdTr8Qf0oWDW6BXv5Rx7o=","gHBe4/Cz1oZDDrB77x9J1uMswblawnzXSqnkeCF9liQ=","6GGZw3qYL1oVTiyj3IJvXfSVJlgKWKW4WO12sh2dKmA=","S1S9C8CzX7IDm/MIJdtroWFfT7ug/P6V9ta+z3xYG+s=","Hg/htOfWnmRzAkSSKsfmNcscuCUsY2O4TKH30gOWTZ8="],"block_size":4096,"path":"background.js"},{"block_hashes":["/NtKIlGgoDr5uBnEy/VSa/Se8lCFLQCrYeQxK3PUGTY="],"block_size":4096,"path":"captured.html"},{"block_hashes":["fsOzqpI87/ZdyQoV6NBQhsh/dh04CeBo2giG5hjd4/8=","gUAlBEXxiWXhK/jRcxZOQUXj9pHdmNJ9km3gKbcBVnM=","jRksNm5Yqq5IyEAJYqO/jmBYXkzlsu4kvzhkSX2Hswc="],"block_size":4096,"path":"content.js"},{"block_hashes":["W++Soto+aZuvJySWKMB+Qo/v4x4txUkSfjPv8Ep5mxY="],"block_size":4096,"path":"document.js"},{"block_hashes":["XEGYCxQYHe9gMK+egtGoi61iuDnJE98WYhHwmf00tM8="],"block_size":4096,"path":"images/dwnlLink.png"},{"block_hashes":["oCLe0k4uK16MA4gQn0YXZHtyqaBlQPQ4sCQ5hao/xD4="],"block_size":4096,"path":"images/headBkgd.gif"},{"block_hashes":["L5TUI5FLWgvBWExSITyo630Sb0f+fyiA1z3CxdoAlAc=","+KRgcR54R2jXElJBVZ1Sgtm+u9s0rXLXzCGjj+GskpQ=","2HR20DovSWX9oOpI37+mOMQ1Gy97EYVTIeG6UBsNtAc=","OI4G2JVsHZAdl6YQSTUwDjjv2QKGf3a0y4C3yRa8Rdw="],"block_size":4096,"path":"images/headTitle.gif"},{"block_hashes":["TDbpSsrepSUqUE4kUnPr3HF1APqrOoRH2iBFLS6rcKw=","rQlg78TCpSPdfXNRtKPGNJME5ZsrlEp9+NZrKb3lf0o=","7Ao1B9WDCy5vk5pBCpqdTdi+AtIyKNCp9zoOfKinqWM=","AyfjA/NY9g6oNRmjJz1WRB7jKkRT3pzwZpAQYtr65mQ=","7aJ63pQGcHUcovvXIv7oXAPm+kkpXevHy7fttUTVmF0="],"block_size":4096,"path":"images/logoBig.png"},{"block_hashes":["0Z7t7QmGPBKkuBQ0xehE3a9rTea5/q4c/BdjR82LUD8=","G/iDF8smIzTin5wBegIgbHgq0Zey7LqW4Z5SFzzYzjs="],"block_size":4096,"path":"images/logoSmall.png"},{"block_hashes":["SnqpFIv/oiDgHqEG367EMqQtjVUAWtprb0e8BY3MalA="],"block_size":4096,"path":"images/logoTonec.gif"},{"block_hashes":["uNHqZ2qHN9P82P3AWDhsvliPg+yQ++yaK76bkRJTKG0="],"block_size":4096,"path":"welcome.html"},{"block_hashes":["0wDgxuBie4gZhotuP1KSv7Lud9WOhqiIcWKRUPvpJQk="],"block_size":4096,"path":"welcome.js"}],"version":2}