<lists ><list ><info ><pageSkin >skin00</pageSkin><thumbMd5 >f954852510a6f148acc0b7431cbe9697</thumbMd5><zipUrl >http://img.vip.xunlei.com/img/banner/201607261552302013.zip</zipUrl><thumbUrl >http://img.vip.xunlei.com/img/banner/201607261552231184.jpg</thumbUrl><imgPageUrl >http://img.vip.kanimg.com/img/banner/201610151908288690.jpg</imgPageUrl><isVip >0</isVip><zipMd5 >0c98b3b40267693a3566a79b1c473aea</zipMd5><pageColor >color2</pageColor><name >火星</name><tagType >0</tagType><imgPageMd5 >68086fe4fb94260e9dc7fdd4337eb5bb</imgPageMd5><usetimes >189103</usetimes><id >10016</id></info><info ><pageSkin >skin00</pageSkin><thumbMd5 >5274e19fde071516c7cb0af4fb16a6fa</thumbMd5><zipUrl >http://img.vip.xunlei.com/img/banner/201607261553403977.zip</zipUrl><thumbUrl >http://img.vip.xunlei.com/img/banner/201607261553338932.jpg</thumbUrl><imgPageUrl >http://img.vip.kanimg.com/img/banner/201612220900355028.jpg</imgPageUrl><isVip >0</isVip><zipMd5 >b775362ca0c51aadbff34b037fafb389</zipMd5><pageColor >color6</pageColor><name >水星</name><tagType >0</tagType><imgPageMd5 >ca130eb6f8d4b95e457eef5cb63d8c7d</imgPageMd5><usetimes >298168</usetimes><id >10017</id></info><info ><pageSkin >skin00</pageSkin><thumbMd5 >2a1e74d951baa8822975e57b0f407460</thumbMd5><zipUrl >http://img.vip.xunlei.com/img/banner/201607261556515645.zip</zipUrl><thumbUrl >http://img.vip.xunlei.com/img/banner/201607261556441750.jpg</thumbUrl><imgPageUrl >http://img.vip.kanimg.com/img/banner/201610151910466194.jpg</imgPageUrl><isVip >0</isVip><zipMd5 >e083736b4409a8b06a1514c8043f0da4</zipMd5><pageColor >color4</pageColor><name >土星</name><tagType >0</tagType><imgPageMd5 >9ce82e3075dae7f69f25edda72696242</imgPageMd5><usetimes >88229</usetimes><id >10020</id></info><info ><pageSkin /><thumbMd5 >733f8a8fd720b46c727ce0d8e4ccb652</thumbMd5><zipUrl >http://img.vip.xunlei.com/img/banner/201607261555598511.zip</zipUrl><thumbUrl >http://img.vip.xunlei.com/img/banner/201607261555527193.jpg</thumbUrl><imgPageUrl /><isVip >0</isVip><zipMd5 >bddeb73b456348ce0dd8b5381015d115</zipMd5><pageColor /><name >冥王星</name><tagType >0</tagType><imgPageMd5 >d41d8cd98f00b204e9800998ecf8427e</imgPageMd5><usetimes >311272</usetimes><id >10019</id></info><info ><pageSkin /><thumbMd5 >a10e6b229bce592fe04e5dd480eb6d14</thumbMd5><zipUrl >http://img.vip.xunlei.com/img/banner/201607261549548558.zip</zipUrl><thumbUrl >http://img.vip.xunlei.com/img/banner/201607261549476994.jpg</thumbUrl><imgPageUrl /><isVip >0</isVip><zipMd5 >36409cc606ba46f21540ad93e866e572</zipMd5><pageColor /><name >流星</name><tagType >0</tagType><imgPageMd5 >d41d8cd98f00b204e9800998ecf8427e</imgPageMd5><usetimes >1709276</usetimes><id >10015</id></info><info ><pageSkin >skin00</pageSkin><thumbMd5 >b337341820912600d7f5e4c5702119f8</thumbMd5><zipUrl >http://img.vip.kanimg.com/img/banner/201610170828161136.zip</zipUrl><thumbUrl >http://img.vip.kanimg.com/img/banner/201610170828065356.jpg</thumbUrl><imgPageUrl >http://img.vip.kanimg.com/img/banner/201610170828263023.jpg</imgPageUrl><isVip >0</isVip><zipMd5 >0ea50fd688b6e9e49af36eed418cdf92</zipMd5><pageColor >color0</pageColor><name >梦想座驾</name><tagType >0</tagType><imgPageMd5 >f1b9d24b366d20ca99df5fe69c130f9d</imgPageMd5><usetimes >335084</usetimes><id >10065</id></info><info ><pageSkin /><thumbMd5 >8cac56a054fa5b47cbefc0bcdfcecfb2</thumbMd5><zipUrl >http://img.vip.kanimg.com/img/banner/201701231506402003.zip</zipUrl><thumbUrl >http://img.vip.kanimg.com/img/banner/201701231506337569.jpg</thumbUrl><imgPageUrl >http://img.vip.kanimg.com/img/banner/201701231506493787.jpg</imgPageUrl><isVip >0</isVip><zipMd5 >7b3270c6bcb0e9314dfb2024b2f01919</zipMd5><pageColor /><name >团圆</name><tagType >0</tagType><imgPageMd5 >817565055150ebaa1ff087b4f647668c</imgPageMd5><usetimes >26577</usetimes><id >10070</id></info><info ><pageSkin >skin00</pageSkin><thumbMd5 >710322258faddad2234bc5e538846c8b</thumbMd5><zipUrl >http://img.vip.kanimg.com/img/banner/201610151908041694.zip</zipUrl><thumbUrl >http://img.vip.xunlei.com/img/banner/201607261522316636.jpg</thumbUrl><imgPageUrl /><isVip >0</isVip><zipMd5 >460e5f26145c17e7914915a5e0857e7f</zipMd5><pageColor >color0</pageColor><name >星云</name><tagType >0</tagType><imgPageMd5 >d41d8cd98f00b204e9800998ecf8427e</imgPageMd5><usetimes >1126027</usetimes><id >10013</id></info><info ><pageSkin /><thumbMd5 >24e381f20057ae4a4c25fe01ff188745</thumbMd5><zipUrl >http://img.vip.kanimg.com/img/banner/201701221107106077.zip</zipUrl><thumbUrl >http://img.vip.kanimg.com/img/banner/201701221106565039.jpg</thumbUrl><imgPageUrl >http://img.vip.kanimg.com/img/banner/201701221107194960.jpg</imgPageUrl><isVip >1</isVip><zipMd5 >77fcefba657733e194dc62ccb288b757</zipMd5><pageColor /><name >春节</name><tagType >0</tagType><imgPageMd5 >08024bce7e2990fb5c959b121417cbb8</imgPageMd5><usetimes >9299</usetimes><id >10068</id></info><info ><pageSkin >skin01</pageSkin><thumbMd5 >3e3eaa3c13e4faad55952841386ef617</thumbMd5><zipUrl >http://img.vip.xunlei.com/img/banner/201607261606131686.zip</zipUrl><thumbUrl >http://img.vip.xunlei.com/img/banner/201607261606042630.jpg</thumbUrl><imgPageUrl >http://img.vip.xunlei.com/img/banner/201607261606201078.jpg</imgPageUrl><isVip >1</isVip><zipMd5 >db8d8bc135b7940effde80d8257ca73b</zipMd5><pageColor >color4</pageColor><name >尊享黑金</name><tagType >0</tagType><imgPageMd5 >19d26ddcc2e69942a1b35e023b032af8</imgPageMd5><usetimes >283807</usetimes><id >10024</id></info><info ><pageSkin >skin01</pageSkin><thumbMd5 >8de470413e589a86c8fdccb4031e1139</thumbMd5><zipUrl >http://img.vip.kanimg.com/img/banner/201609231903485127.zip</zipUrl><thumbUrl >http://img.vip.kanimg.com/img/banner/201609231903374696.jpg</thumbUrl><imgPageUrl >http://img.vip.kanimg.com/img/banner/201609231906131472.jpg</imgPageUrl><isVip >1</isVip><zipMd5 >5a82934c6c13126d56719556e2510056</zipMd5><pageColor >color0</pageColor><name >前海大鱼</name><tagType >0</tagType><imgPageMd5 >b7401708d40122c4f20bc8ed6dbe8e85</imgPageMd5><usetimes >39605</usetimes><id >10050</id></info><info ><pageSkin /><thumbMd5 >cf904bdb7e947cde2f18f76394412ec7</thumbMd5><zipUrl >http://img.vip.xunlei.com/img/banner/201608242147253029.zip</zipUrl><thumbUrl >http://img.vip.xunlei.com/img/banner/201608242147117498.jpg</thumbUrl><imgPageUrl >http://img.vip.xunlei.com/img/banner/201608242147334886.jpg</imgPageUrl><isVip >1</isVip><zipMd5 >3c473fb00fca54577468b54ff72c48a5</zipMd5><pageColor /><name >我是雷鸟</name><tagType >0</tagType><imgPageMd5 >1396711b8092d6da2363eb6af79c1d03</imgPageMd5><usetimes >18806</usetimes><id >10028</id></info><info ><pageSkin >skin03</pageSkin><thumbMd5 >20397095211e267eff2ec3592c954242</thumbMd5><zipUrl >http://img.vip.kanimg.com/img/banner/201609271707402384.zip</zipUrl><thumbUrl >http://img.vip.kanimg.com/img/banner/201609271707311175.jpg</thumbUrl><imgPageUrl >http://img.vip.kanimg.com/img/banner/201609271707496761.jpg</imgPageUrl><isVip >1</isVip><zipMd5 >a9169e5787ebea783c57317f63ccc02b</zipMd5><pageColor >color6</pageColor><name >小雷note</name><tagType >0</tagType><imgPageMd5 >9385969bc954fb96ec69624c357ea184</imgPageMd5><usetimes >32822</usetimes><id >10060</id></info><info ><pageSkin >skin01</pageSkin><thumbMd5 >f44e352bd478706ee931cf39241bf6fa</thumbMd5><zipUrl >http://img.vip.kanimg.com/img/banner/201609231910086409.zip</zipUrl><thumbUrl >http://img.vip.kanimg.com/img/banner/201609231909563900.jpg</thumbUrl><imgPageUrl >http://img.vip.kanimg.com/img/banner/201609231910211024.jpg</imgPageUrl><isVip >1</isVip><zipMd5 >78f07de184ccd3dd4b1444dedb02602f</zipMd5><pageColor >color1</pageColor><name >萌主</name><tagType >0</tagType><imgPageMd5 >ae7d3cb8e11ba220d784f3cd6479aafb</imgPageMd5><usetimes >72207</usetimes><id >10048</id></info><info ><pageSkin >skin00</pageSkin><thumbMd5 >dc7ed45207757581e6cf2b1edd3c16c6</thumbMd5><zipUrl >http://img.vip.xunlei.com/img/banner/201608191801416771.zip</zipUrl><thumbUrl >http://img.vip.xunlei.com/img/banner/201608191548163150.jpg</thumbUrl><imgPageUrl >http://img.vip.xunlei.com/img/banner/201608191548343592.jpg</imgPageUrl><isVip >1</isVip><zipMd5 >7f987c01604646b511a399fc0b01c90c</zipMd5><pageColor >color8</pageColor><name >蘑菇头</name><tagType >0</tagType><imgPageMd5 >6fa64dbf55babb44f3511af64010a6da</imgPageMd5><usetimes >36295</usetimes><id >10025</id></info><id >1</id></list><list ><info ><pageSkin >skin00</pageSkin><thumbMd5 >97630bfa788910eed8c20f1dd807692f</thumbMd5><zipUrl >http://img.vip.kanimg.com/img/banner/201609271708593443.zip</zipUrl><thumbUrl >http://img.vip.kanimg.com/img/banner/201609271708485014.jpg</thumbUrl><imgPageUrl >http://img.vip.kanimg.com/img/banner/201609271709091711.jpg</imgPageUrl><isVip >1</isVip><zipMd5 >c7d2350b01bd5a1eb3330c3fb7970df2</zipMd5><pageColor >color0</pageColor><name >最美忆江南</name><tagType >0</tagType><imgPageMd5 >3358e81c05ec3ed5e72c0f8722ffe14f</imgPageMd5><usetimes >37279</usetimes><id >10062</id></info><info ><pageSkin >skin01</pageSkin><thumbMd5 >d7a72bd3e944c5c3ca3728445fa5d7e8</thumbMd5><zipUrl >http://img.vip.xunlei.com/img/banner/201609181904268927.zip</zipUrl><thumbUrl >http://img.vip.xunlei.com/img/banner/201609181904161244.jpg</thumbUrl><imgPageUrl >http://img.vip.xunlei.com/img/banner/201609181904384010.jpg</imgPageUrl><isVip >1</isVip><zipMd5 >b33a7e77888e0b5206ba8a006216dd9a</zipMd5><pageColor >color0</pageColor><name >fighting</name><tagType >0</tagType><imgPageMd5 >fffa006283833b05be4170f46c575f88</imgPageMd5><usetimes >3468</usetimes><id >10030</id></info><info ><pageSkin >skin03</pageSkin><thumbMd5 >764f4467f22fa2b1ae9673a30930176c</thumbMd5><zipUrl >http://img.vip.kanimg.com/img/banner/201609271707014364.zip</zipUrl><thumbUrl >http://img.vip.kanimg.com/img/banner/201609271706521646.jpg</thumbUrl><imgPageUrl >http://img.vip.kanimg.com/img/banner/201609271707103869.jpg</imgPageUrl><isVip >1</isVip><zipMd5 >7152684f598bdf9700d246cdba467c1c</zipMd5><pageColor >color4</pageColor><name >下个蛋呀</name><tagType >0</tagType><imgPageMd5 >86c2f8367a6f8a711eeaf8aea294ddb6</imgPageMd5><usetimes >9975</usetimes><id >10059</id></info><info ><pageSkin >skin03</pageSkin><thumbMd5 >f5e4b5b2b4416534eabc67f7730f5e6e</thumbMd5><zipUrl >http://img.vip.kanimg.com/img/banner/201612191539451420.zip</zipUrl><thumbUrl >http://img.vip.kanimg.com/img/banner/201612191539316835.jpg</thumbUrl><imgPageUrl >http://img.vip.kanimg.com/img/banner/201612191539538798.jpg</imgPageUrl><isVip >1</isVip><zipMd5 >e53fc62b4a4951e28b95005161f3748e</zipMd5><pageColor >color2</pageColor><name >圣诞节</name><tagType >0</tagType><imgPageMd5 >3e4e637dbe90e7eb710ed934c2a4de5a</imgPageMd5><usetimes >11028</usetimes><id >10069</id></info><id >2</id></list><maxpage >2</maxpage><total >19</total></lists>